,Q1 Total Time,Q1 Percentage,Q2 Total Time,Q2 Percentage
CARRIER_DELAY,5820750.0,36.37141300354169,1064870.0,53.3185458532885
LATE_AIRCRAFT_DELAY,5598766.0,34.9843285652514,415714.0,20.814997108430116
NAS_DELAY,3672432.0,22.947479448425483,354770.0,17.763502129246916
WEATHER_DELAY,892366.0,5.576018955687581,156002.0,7.811094114966815
SECURITY_DELAY,19326.0,0.12076002709383614,5829.0,0.2918607940676502
