,minutes,percentage
CARRIER_DELAY,6885620.0,38.251691241929194
LATE_AIRCRAFT_DELAY,6014480.0,33.41224638315188
NAS_DELAY,4027202.0,22.372319046488148
WEATHER_DELAY,1048368.0,5.823999733345555
SECURITY_DELAY,25155.0,0.13974359508522527
