,CANCELLATION_CODE,percentage
SECURITY,246293,87.05209135957813
CARRIER,18031,6.373044541682277
WEATHER,14281,5.047609622304066
NAS,4321,1.5272544764355345
